state,trump_pct,harris_pct,total_weight,winner,predicted_winner
Arizona,49.79305458992376,47.26243094819936,0.7855649904995776,1,1
Georgia,49.37493261726455,47.7331828334238,0.8162842598650452,1,1
Michigan,48.736292459282076,47.61828946230214,0.6151485228723041,1,1
Nevada,47.7902425542595,48.365553590209394,0.35372700216450215,0,0
North Carolina,48.47600972343536,48.674283823020026,0.9355181665003621,0,0
Pennsylvania,47.91480889950504,48.31506040317477,1.1033378245281034,0,0
Wisconsin,47.61867592241613,49.085732579520354,0.6341294469086503,0,0
