state,trump_pct,harris_pct,total_weight,winner,predicted_winner
Arizona,49.7964047323186,47.222366312448145,0.7135904168101265,1,1
Georgia,49.36340320732495,47.7224328001192,0.7440417325052131,1,1
Michigan,48.691493753849834,47.64937469890308,0.5589527470731235,1,1
Nevada,47.787937741598554,48.3878242335715,0.31409826861779194,0,0
North Carolina,48.46341141824002,48.649698617011445,0.8566232944690013,0,0
Pennsylvania,47.86702682809643,48.355942301702065,1.0155229011232658,0,0
Wisconsin,47.60514491486156,49.08782941681335,0.588049944270408,0,0
